brand,drops,responses
B1,10,1.90643556
B2,10,3.050417343
B1,20,0.773796534
B2,20,2.838412445
B1,30,1.555707123
B2,30,0.547056486
